{
  "Statler Hall": [-76.48276137, 42.44593160007002],
  "Bill and Melinda Gates Hall": [-76.48080362, 42.44493946],
  "M Van Rensselaer Hall": [-76.47863835773283, 42.45015981137076],
  "Comstock Hall-Academic II": [-76.47938348, 42.44661462],
  "Mann Library": [-76.47629454, 42.44892972],
  "Judith Eissner Pavillion": [-76.48542858, 42.44275962],
  "A D White House": [-76.48193373, 42.44834393],
  "Bondareff Raptor Facility": [-76.44980958, 42.44280384],
  "Africana Ctr": [-76.48227725, 42.45753301],
  "Foundry": [-76.48356654, 42.45152068],
  "Kroch,Carl A Library": [-76.48413814, 42.44787696],
  "Academic Surge A": [-76.4783, 42.44835255],
  "CVM Center": [-76.46575005, 42.44751074],
  "Vet Medical Center": [-76.46486291, 42.44640286],
  "Stimson Hall": [-76.48342881, 42.44786477],
  "Johnson Ctr - Lab of O": [-76.45130948, 42.480066],
  "Wing Hall": [-76.47142517, 42.44668289],
  "Vet Research Tower": [-76.46633606, 42.44740459],
  "Vet Education Center": [-76.46487, 42.4475052],
  "Breazzano Family Ctr for BusEd": [-76.48472642, 42.4416316],
  "Robert Purcell Community Ctr": [-76.477645192, 42.45605901],
  "Rice Hall": [-76.47406545, 42.44797618],
  "Olin Chemistry Research Wing": [-76.48101724, 42.4507692],
  "Ives Hall Faculty Wing": [-76.4810487, 42.44736539],
  "Sage Chapel": [-76.48440084, 42.44740759],
  "Toni Morrison Hall": [-76.47940638, 42.45577706],
  "Appel": [-76.47610731, 42.45366539],
  "Noyes Community and Rec Center": [-76.48803891, 42.4466132],
  "Cornell Golf Center": [-76.4675593, 42.45837105],
  "Barbara McClintock Hall": [-76.4744427, 42.45380797],
  "Risley Tennis Court": [-76.48319054, 42.45339442],
  "Grumman Squash Courts": [-76.47997686, 42.44514698],
  "Merrill Family Sailing Center": [-76.50307113, 42.47038742],
  "Nevin Welcome Center": [-76.47250423, 42.44966968],
  "Guterman Bioclimatic Lab": [-76.4605012, 42.44756229],
  "Love Laboratory": [-76.46176451, 42.44935369],
  "North Campus Low Rise 7": [-76.47522522, 42.45636427],
  "Alice H. Cook House": [-76.48961391, 42.44905958],
  "Moore Laboratory": [-76.46563481, 42.44822383]
}